customer_id,first_name,last_name,email,country,signup_date
1,Liam,Brown,liam.brown@mail.com,USA,2021-01-15
2,Emma,Wilson,emma.wilson@mail.com,UK,2021-03-22
3,Noah,Garcia,noah.garcia@mail.com,Spain,2022-05-10
4,Olivia,Martin,olivia.martin@mail.com,France,2020-11-02
5,Ethan,Clark,ethan.clark@mail.com,USA,2022-08-19
6,Sophia,Lewis,sophia.lewis@mail.com,Canada,2023-02-27
7,Mason,Walker,mason.walker@mail.com,UK,2019-12-05
8,Isabella,Hall,isabella.hall@mail.com,USA,2023-07-14
9,Ava,Turner,ava.turner@mail.com,USA,2023-08-02
